experiment,task_id,variant,status,quality,e2e_ms,provider_requests,provider_tokens,repair,reason,source_path
memory,F01,off,success,True,84633.42174,2,3402,0,,/home/qcrs/statebus/os/runs/contest-mechanisms-smoke-20260927_164855-3166537/memory/finance/off/slots/F01
memory,F02,off,success,True,74648.163268,2,3411,0,,/home/qcrs/statebus/os/runs/contest-mechanisms-smoke-20260927_164855-3166537/memory/finance/off/slots/F02
memory,F06,off,not_started,,,,,,,/home/qcrs/statebus/os/runs/contest-mechanisms-smoke-20260927_164855-3166537/memory/finance/off/slots/F06
memory,F07,off,not_started,,,,,,,/home/qcrs/statebus/os/runs/contest-mechanisms-smoke-20260927_164855-3166537/memory/finance/off/slots/F07
memory,F01,on,success,True,73195.239928,2,3402,0,,/home/qcrs/statebus/os/runs/contest-mechanisms-smoke-20260927_164855-3166537/memory/finance/on/slots/F01
memory,F02,on,success,True,44254.950996,1,1339,0,,/home/qcrs/statebus/os/runs/contest-mechanisms-smoke-20260927_164855-3166537/memory/finance/on/slots/F02
memory,F06,on,not_started,,,,,,,/home/qcrs/statebus/os/runs/contest-mechanisms-smoke-20260927_164855-3166537/memory/finance/on/slots/F06
memory,F07,on,not_started,,,,,,,/home/qcrs/statebus/os/runs/contest-mechanisms-smoke-20260927_164855-3166537/memory/finance/on/slots/F07
memory,O01,off,not_started,,,,,,,/home/qcrs/statebus/os/runs/contest-mechanisms-smoke-20260927_164855-3166537/memory/service_ops/off/slots/O01
memory,O02,off,not_started,,,,,,,/home/qcrs/statebus/os/runs/contest-mechanisms-smoke-20260927_164855-3166537/memory/service_ops/off/slots/O02
memory,O06,off,not_started,,,,,,,/home/qcrs/statebus/os/runs/contest-mechanisms-smoke-20260927_164855-3166537/memory/service_ops/off/slots/O06
memory,O07,off,not_started,,,,,,,/home/qcrs/statebus/os/runs/contest-mechanisms-smoke-20260927_164855-3166537/memory/service_ops/off/slots/O07
memory,O01,on,not_started,,,,,,,/home/qcrs/statebus/os/runs/contest-mechanisms-smoke-20260927_164855-3166537/memory/service_ops/on/slots/O01
memory,O02,on,not_started,,,,,,,/home/qcrs/statebus/os/runs/contest-mechanisms-smoke-20260927_164855-3166537/memory/service_ops/on/slots/O02
memory,O06,on,not_started,,,,,,,/home/qcrs/statebus/os/runs/contest-mechanisms-smoke-20260927_164855-3166537/memory/service_ops/on/slots/O06
memory,O07,on,not_started,,,,,,,/home/qcrs/statebus/os/runs/contest-mechanisms-smoke-20260927_164855-3166537/memory/service_ops/on/slots/O07
state,semantic-holdout-s1,off,success,True,104155.232006,4,7567,0,,/home/qcrs/statebus/os/runs/contest-mechanisms-smoke-20260927_164855-3166537/state/ablation/cases/semantic-holdout-s1/off/summary.json
state,semantic-holdout-s1,on,quality_fail,False,122226.963083,4,8538,0,output_validation_failed,/home/qcrs/statebus/os/runs/contest-mechanisms-smoke-20260927_164855-3166537/state/ablation/cases/semantic-holdout-s1/on/summary.json
state,semantic-holdout-s5,off,not_started,,,,,,,/home/qcrs/statebus/os/runs/contest-mechanisms-smoke-20260927_164855-3166537/state/ablation/cases/semantic-holdout-s5/off/summary.json
state,semantic-holdout-s5,on,not_started,,,,,,,/home/qcrs/statebus/os/runs/contest-mechanisms-smoke-20260927_164855-3166537/state/ablation/cases/semantic-holdout-s5/on/summary.json
state,semantic-holdout-s4,off,not_started,,,,,,,/home/qcrs/statebus/os/runs/contest-mechanisms-smoke-20260927_164855-3166537/state/ablation/cases/semantic-holdout-s4/off/summary.json
state,semantic-holdout-s4,on,not_started,,,,,,,/home/qcrs/statebus/os/runs/contest-mechanisms-smoke-20260927_164855-3166537/state/ablation/cases/semantic-holdout-s4/on/summary.json
state,semantic-holdout-s8,off,not_started,,,,,,,/home/qcrs/statebus/os/runs/contest-mechanisms-smoke-20260927_164855-3166537/state/ablation/cases/semantic-holdout-s8/off/summary.json
state,semantic-holdout-s8,on,not_started,,,,,,,/home/qcrs/statebus/os/runs/contest-mechanisms-smoke-20260927_164855-3166537/state/ablation/cases/semantic-holdout-s8/on/summary.json
