month,unit_id,region,product,channel,booked_revenue_cny,refund_cny,cost_cny
2026-04,U-A,north,P1,direct,101618,1736,80904
2026-04,U-A,north,P1,partner,100314,1668,79903
2026-04,U-A,north,P2,direct,100731,1404,80454
2026-04,U-A,north,P2,partner,101121,1533,80666
2026-04,U-A,north,P3,direct,100874,1351,80613
2026-04,U-A,north,P3,partner,101752,1851,80919
2026-04,U-B,south,P1,direct,102143,2131,86010
2026-04,U-B,south,P1,partner,102003,1481,86448
2026-04,U-B,south,P2,direct,101185,1834,85441
2026-04,U-B,south,P2,partner,102557,1646,86783
2026-04,U-B,south,P3,direct,101907,2011,85910
2026-04,U-B,south,P3,partner,101999,1658,86293
2026-04,U-C,north,P1,direct,103172,2303,77669
2026-04,U-C,north,P1,partner,103148,2163,77758
2026-04,U-C,north,P2,direct,103664,1940,78327
2026-04,U-C,north,P2,partner,103022,2156,77666
2026-04,U-C,north,P3,direct,102327,1793,77411
2026-04,U-C,north,P3,partner,102884,2235,77499
2026-04,U-D,south,P1,direct,103595,2306,72928
2026-04,U-D,south,P1,partner,104310,2092,73596
2026-04,U-D,south,P2,direct,104093,2093,73440
2026-04,U-D,south,P2,partner,103221,2299,72663
2026-04,U-D,south,P3,direct,104963,2614,73691
2026-04,U-D,south,P3,partner,103113,2008,72795
