month,unit_id,region,product,channel,net_revenue_cny,cost_cny
2026-01,U-A,north,P1,direct,100031,84026
2026-01,U-A,north,P1,partner,101678,85409
2026-01,U-A,north,P2,direct,101923,85615
2026-01,U-A,north,P2,partner,101353,85136
2026-01,U-A,north,P3,direct,101871,85571
2026-01,U-A,north,P3,partner,101119,84939
2026-01,U-B,south,P1,direct,102292,78764
2026-01,U-B,south,P1,partner,102436,78875
2026-01,U-B,south,P2,direct,101297,77998
2026-01,U-B,south,P2,partner,102144,78650
2026-01,U-B,south,P3,direct,102164,78666
2026-01,U-B,south,P3,partner,102609,79008
2026-01,U-C,north,P1,direct,103490,84861
2026-01,U-C,north,P1,partner,103669,85008
2026-01,U-C,north,P2,direct,102117,83735
2026-01,U-C,north,P2,partner,103735,85062
2026-01,U-C,north,P3,direct,102873,84355
2026-01,U-C,north,P3,partner,102569,84106
2026-01,U-D,south,P1,direct,103753,71589
2026-01,U-D,south,P1,partner,104562,72147
2026-01,U-D,south,P2,direct,104333,71989
2026-01,U-D,south,P2,partner,103907,71695
2026-01,U-D,south,P3,direct,104539,72131
2026-01,U-D,south,P3,partner,104103,71831
