week,hour,site_id,request_count,failed_request_count,latency_sum_ms
W01,D1T00,S-A,74,1,8880
W01,D1T01,S-A,76,1,9196
W01,D1T02,S-A,75,1,9150
W01,D1T03,S-A,74,1,9102
W01,D1T04,S-A,74,1,9176
W01,D1T05,S-A,61,1,7625
W01,D1T06,S-A,65,1,8190
W01,D1T07,S-A,72,1,9144
W01,D1T08,S-A,73,1,9344
W01,D1T09,S-A,76,1,9804
W01,D1T10,S-A,65,1,8450
W01,D1T11,S-A,76,1,9120
W01,D1T12,S-A,73,1,8833
W01,D1T13,S-A,67,1,8174
W01,D1T14,S-A,83,1,10209
W01,D1T15,S-A,75,1,9300
W01,D1T16,S-A,78,1,9750
W01,D1T17,S-A,73,1,9198
W01,D1T18,S-A,64,1,8128
W01,D1T19,S-A,64,0,8192
W01,D1T20,S-A,60,1,7740
W01,D1T21,S-A,73,1,9490
W01,D1T22,S-A,72,1,8640
W01,D1T23,S-A,80,2,9680
W01,D2T00,S-A,71,1,8662
W01,D2T01,S-A,75,1,9225
W01,D2T02,S-A,75,1,9300
W01,D2T03,S-A,71,0,8875
W01,D2T04,S-A,80,1,10080
W01,D2T05,S-A,69,1,8763
W01,D2T06,S-A,78,1,9984
W01,D2T07,S-A,63,1,8127
W01,D2T08,S-A,82,1,10660
W01,D2T09,S-A,75,1,9000
W01,D2T10,S-A,84,1,10164
W01,D2T11,S-A,71,1,8662
W01,D2T12,S-A,60,1,7380
W01,D2T13,S-A,69,0,8556
W01,D2T14,S-A,63,1,7875
W01,D2T15,S-A,79,1,9954
W01,D2T16,S-A,80,1,10160
W01,D2T17,S-A,76,1,9728
W01,D2T18,S-A,61,1,7869
W01,D2T19,S-A,77,1,10010
W01,D2T20,S-A,69,1,8280
W01,D2T21,S-A,62,0,7502
W01,D2T22,S-A,76,1,9272
W01,D2T23,S-A,66,1,8118
W01,D3T00,S-A,81,1,10044
W01,D3T01,S-A,77,1,9625
W01,D3T02,S-A,63,0,7938
W01,D3T03,S-A,84,1,10668
W01,D3T04,S-A,78,1,9984
W01,D3T05,S-A,76,1,9804
W01,D3T06,S-A,60,1,7800
W01,D3T07,S-A,84,1,10080
W01,D3T08,S-A,72,1,8712
W01,D3T09,S-A,74,1,9028
W01,D3T10,S-A,73,1,8979
W01,D3T11,S-A,71,1,8804
W01,D3T12,S-A,65,1,8125
W01,D3T13,S-A,61,1,7686
W01,D3T14,S-A,70,1,8890
W01,D3T15,S-A,68,1,8704
W01,D3T16,S-A,63,1,8127
W01,D3T17,S-A,64,0,8320
W01,D3T18,S-A,65,1,7800
W01,D3T19,S-A,83,2,10043
W01,D3T20,S-A,79,1,9638
W01,D3T21,S-A,68,1,8364
W01,D3T22,S-A,78,1,9672
W01,D3T23,S-A,69,1,8625
W01,D4T00,S-A,70,1,8820
W01,D4T01,S-A,60,0,7620
W01,D4T02,S-A,78,1,9984
W01,D4T03,S-A,64,1,8256
W01,D4T04,S-A,78,1,10140
W01,D4T05,S-A,63,1,7560
W01,D4T06,S-A,70,1,8470
W01,D4T07,S-A,73,1,8906
W01,D4T08,S-A,73,1,8979
W01,D4T09,S-A,65,1,8060
W01,D4T10,S-A,67,1,8375
W01,D4T11,S-A,66,1,8316
W01,D4T12,S-A,73,1,9271
W01,D4T13,S-A,78,1,9984
W01,D4T14,S-A,62,1,7998
W01,D4T15,S-A,67,1,8710
W01,D4T16,S-A,70,1,8400
W01,D4T17,S-A,67,1,8107
W01,D4T18,S-A,78,1,9516
W01,D4T19,S-A,71,1,8733
W01,D4T20,S-A,70,1,8680
W01,D4T21,S-A,66,1,8250
W01,D4T22,S-A,67,1,8442
W01,D4T23,S-A,62,1,7874
W01,D5T00,S-A,63,1,8064
W01,D5T01,S-A,80,1,10320
W01,D5T02,S-A,76,1,9880
W01,D5T03,S-A,69,1,8280
W01,D5T04,S-A,84,1,10164
W01,D5T05,S-A,65,1,7930
W01,D5T06,S-A,80,1,9840
W01,D5T07,S-A,72,1,8928
W01,D5T08,S-A,70,1,8750
W01,D5T09,S-A,65,1,8190
W01,D5T10,S-A,81,2,10287
W01,D5T11,S-A,80,1,10240
W01,D5T12,S-A,63,1,8127
W01,D5T13,S-A,83,1,10790
W01,D5T14,S-A,60,0,7200
W01,D5T15,S-A,82,1,9922
W01,D5T16,S-A,64,1,7808
W01,D5T17,S-A,75,1,9225
W01,D5T18,S-A,74,1,9176
W01,D5T19,S-A,73,1,9125
W01,D5T20,S-A,65,1,8190
W01,D5T21,S-A,81,1,10287
W01,D5T22,S-A,65,1,8320
W01,D5T23,S-A,81,1,10449
W01,D6T00,S-A,72,1,9360
W01,D6T01,S-A,69,1,8280
W01,D6T02,S-A,66,1,7986
W01,D6T03,S-A,78,1,9516
W01,D6T04,S-A,60,1,7380
W01,D6T05,S-A,71,1,8804
W01,D6T06,S-A,70,0,8750
W01,D6T07,S-A,62,1,7812
W01,D6T08,S-A,68,1,8636
W01,D6T09,S-A,62,1,7936
W01,D6T10,S-A,62,1,7998
W01,D6T11,S-A,74,1,9620
W01,D6T12,S-A,63,1,7560
W01,D6T13,S-A,71,1,8591
W01,D6T14,S-A,62,0,7564
W01,D6T15,S-A,68,1,8364
W01,D6T16,S-A,65,0,8060
W01,D6T17,S-A,80,1,10000
W01,D6T18,S-A,73,1,9198
W01,D6T19,S-A,73,1,9271
W01,D6T20,S-A,79,1,10112
W01,D6T21,S-A,71,1,9159
W01,D6T22,S-A,62,1,8060
W01,D6T23,S-A,62,0,7440
W01,D7T00,S-A,83,1,10043
W01,D7T01,S-A,80,1,9760
W01,D7T02,S-A,72,1,8856
W01,D7T03,S-A,67,1,8308
W01,D7T04,S-A,61,1,7625
W01,D7T05,S-A,72,1,9072
W01,D7T06,S-A,78,1,9906
W01,D7T07,S-A,77,1,9856
W01,D7T08,S-A,79,1,10191
W01,D7T09,S-A,82,1,10660
W01,D7T10,S-A,64,1,7680
W01,D7T11,S-A,70,0,8470
W01,D7T12,S-A,69,1,8418
W01,D7T13,S-A,66,1,8118
W01,D7T14,S-A,82,1,10168
W01,D7T15,S-A,79,1,9875
W01,D7T16,S-A,74,1,9324
W01,D7T17,S-A,74,1,9398
W01,D7T18,S-A,68,1,8704
W01,D7T19,S-A,81,1,10449
W01,D7T20,S-A,65,1,8450
W01,D7T21,S-A,60,0,7200
W01,D7T22,S-A,69,1,8349
W01,D7T23,S-A,67,1,8174
W01,D1T00,S-B,60,1,8580
W01,D1T01,S-B,72,2,10368
W01,D1T02,S-B,81,2,11745
W01,D1T03,S-B,61,2,8906
W01,D1T04,S-B,67,1,9849
W01,D1T05,S-B,84,2,12432
W01,D1T06,S-B,75,2,11175
W01,D1T07,S-B,69,2,10350
W01,D1T08,S-B,69,1,10419
W01,D1T09,S-B,72,2,10944
W01,D1T10,S-B,68,2,10404
W01,D1T11,S-B,64,1,9152
W01,D1T12,S-B,60,1,8640
W01,D1T13,S-B,77,2,11165
W01,D1T14,S-B,82,2,11972
W01,D1T15,S-B,81,2,11907
W01,D1T16,S-B,72,2,10656
W01,D1T17,S-B,77,2,11473
W01,D1T18,S-B,62,2,9300
W01,D1T19,S-B,76,2,11476
W01,D1T20,S-B,81,2,12312
W01,D1T21,S-B,65,1,9945
W01,D1T22,S-B,82,2,11726
W01,D1T23,S-B,65,2,9360
W01,D2T00,S-B,66,2,9570
W01,D2T01,S-B,80,2,11680
W01,D2T02,S-B,78,2,11466
W01,D2T03,S-B,69,2,10212
W01,D2T04,S-B,74,2,11026
W01,D2T05,S-B,60,2,9000
W01,D2T06,S-B,70,2,10570
W01,D2T07,S-B,64,1,9728
W01,D2T08,S-B,74,2,11322
W01,D2T09,S-B,76,2,10868
W01,D2T10,S-B,65,1,9360
W01,D2T11,S-B,75,2,10875
W01,D2T12,S-B,69,1,10074
W01,D2T13,S-B,83,3,12201
W01,D2T14,S-B,60,1,8880
W01,D2T15,S-B,65,2,9685
W01,D2T16,S-B,65,2,9750
W01,D2T17,S-B,75,2,11325
W01,D2T18,S-B,69,2,10488
W01,D2T19,S-B,79,2,12087
W01,D2T20,S-B,73,2,10439
W01,D2T21,S-B,84,2,12096
W01,D2T22,S-B,71,1,10295
W01,D2T23,S-B,78,2,11388
W01,D3T00,S-B,84,2,12348
W01,D3T01,S-B,62,1,9176
W01,D3T02,S-B,65,2,9685
W01,D3T03,S-B,69,1,10350
W01,D3T04,S-B,79,2,11929
W01,D3T05,S-B,75,2,11400
W01,D3T06,S-B,70,2,10710
W01,D3T07,S-B,81,2,11583
W01,D3T08,S-B,80,2,11520
W01,D3T09,S-B,69,2,10005
W01,D3T10,S-B,73,2,10658
W01,D3T11,S-B,73,2,10731
W01,D3T12,S-B,69,2,10212
W01,D3T13,S-B,65,1,9685
W01,D3T14,S-B,84,2,12600
W01,D3T15,S-B,76,2,11476
W01,D3T16,S-B,69,2,10488
W01,D3T17,S-B,63,1,9639
W01,D3T18,S-B,61,1,8723
W01,D3T19,S-B,70,2,10080
W01,D3T20,S-B,70,1,10150
W01,D3T21,S-B,64,2,9344
W01,D3T22,S-B,73,2,10731
W01,D3T23,S-B,73,2,10804
W01,D4T00,S-B,70,2,10430
W01,D4T01,S-B,69,1,10350
W01,D4T02,S-B,81,2,12231
W01,D4T03,S-B,79,2,12008
W01,D4T04,S-B,75,2,11475
W01,D4T05,S-B,79,2,11297
W01,D4T06,S-B,69,2,9936
W01,D4T07,S-B,68,1,9860
W01,D4T08,S-B,82,2,11972
W01,D4T09,S-B,80,2,11760
W01,D4T10,S-B,78,2,11544
W01,D4T11,S-B,71,2,10579
W01,D4T12,S-B,70,2,10500
W01,D4T13,S-B,66,2,9966
W01,D4T14,S-B,63,2,9576
W01,D4T15,S-B,67,2,10251
W01,D4T16,S-B,71,1,10153
W01,D4T17,S-B,83,2,11952
W01,D4T18,S-B,78,2,11310
W01,D4T19,S-B,64,2,9344
W01,D4T20,S-B,69,2,10143
W01,D4T21,S-B,70,2,10360
W01,D4T22,S-B,77,2,11473
W01,D4T23,S-B,61,1,9150
W01,D5T00,S-B,82,2,12382
W01,D5T01,S-B,77,2,11704
W01,D5T02,S-B,74,2,11322
W01,D5T03,S-B,67,2,9581
W01,D5T04,S-B,69,1,9936
W01,D5T05,S-B,72,2,10440
W01,D5T06,S-B,84,2,12264
W01,D5T07,S-B,84,2,12348
W01,D5T08,S-B,73,2,10804
W01,D5T09,S-B,61,2,9089
W01,D5T10,S-B,64,1,9600
W01,D5T11,S-B,81,2,12231
W01,D5T12,S-B,80,2,12160
W01,D5T13,S-B,63,2,9639
W01,D5T14,S-B,63,1,9009
W01,D5T15,S-B,65,2,9360
W01,D5T16,S-B,67,1,9715
W01,D5T17,S-B,61,1,8906
W01,D5T18,S-B,64,1,9408
W01,D5T19,S-B,79,2,11692
W01,D5T20,S-B,63,2,9387
W01,D5T21,S-B,70,2,10500
W01,D5T22,S-B,75,2,11325
W01,D5T23,S-B,69,2,10488
W01,D6T00,S-B,80,2,12240
W01,D6T01,S-B,84,2,12012
W01,D6T02,S-B,64,2,9216
W01,D6T03,S-B,76,2,11020
W01,D6T04,S-B,63,1,9198
W01,D6T05,S-B,77,2,11319
W01,D6T06,S-B,66,2,9768
W01,D6T07,S-B,68,2,10132
W01,D6T08,S-B,78,2,11700
W01,D6T09,S-B,78,2,11778
W01,D6T10,S-B,71,2,10792
W01,D6T11,S-B,63,2,9639
W01,D6T12,S-B,73,2,10439
W01,D6T13,S-B,66,1,9504
W01,D6T14,S-B,64,1,9280
W01,D6T15,S-B,61,1,8906
W01,D6T16,S-B,68,1,9996
W01,D6T17,S-B,70,2,10360
W01,D6T18,S-B,68,2,10132
W01,D6T19,S-B,73,2,10950
W01,D6T20,S-B,66,2,9966
W01,D6T21,S-B,71,2,10792
W01,D6T22,S-B,74,2,11322
W01,D6T23,S-B,65,1,9295
W01,D7T00,S-B,66,1,9504
W01,D7T01,S-B,74,2,10730
W01,D7T02,S-B,83,2,12118
W01,D7T03,S-B,70,2,10290
W01,D7T04,S-B,82,2,12136
W01,D7T05,S-B,78,2,11622
W01,D7T06,S-B,80,2,12000
W01,D7T07,S-B,72,2,10872
W01,D7T08,S-B,69,2,10488
W01,D7T09,S-B,74,2,11322
W01,D7T10,S-B,63,2,9009
W01,D7T11,S-B,76,2,10944
W01,D7T12,S-B,72,1,10440
W01,D7T13,S-B,63,2,9198
W01,D7T14,S-B,70,1,10290
W01,D7T15,S-B,75,2,11100
W01,D7T16,S-B,79,2,11771
W01,D7T17,S-B,74,2,11100
W01,D7T18,S-B,63,2,9513
W01,D7T19,S-B,72,2,10944
W01,D7T20,S-B,82,2,12546
W01,D7T21,S-B,84,2,12012
W01,D7T22,S-B,78,2,11232
W01,D7T23,S-B,81,2,11745
W01,D1T00,S-C,60,1,9960
W01,D1T01,S-C,63,1,10521
W01,D1T02,S-C,64,2,10752
W01,D1T03,S-C,74,1,12506
W01,D1T04,S-C,73,1,12410
W01,D1T05,S-C,78,1,13338
W01,D1T06,S-C,69,1,11868
W01,D1T07,S-C,80,2,13840
W01,D1T08,S-C,64,1,11136
W01,D1T09,S-C,65,1,11375
W01,D1T10,S-C,68,2,11968
W01,D1T11,S-C,65,1,10790
W01,D1T12,S-C,77,2,12859
W01,D1T13,S-C,81,1,13608
W01,D1T14,S-C,77,2,13013
W01,D1T15,S-C,60,1,10200
W01,D1T16,S-C,71,1,12141
W01,D1T17,S-C,60,1,10320
W01,D1T18,S-C,71,1,12283
W01,D1T19,S-C,78,1,13572
W01,D1T20,S-C,79,1,13825
W01,D1T21,S-C,68,2,11968
W01,D1T22,S-C,76,1,12616
W01,D1T23,S-C,65,1,10855
W01,D2T00,S-C,79,1,13272
W01,D2T01,S-C,79,2,13351
W01,D2T02,S-C,68,1,11560
W01,D2T03,S-C,62,1,10602
W01,D2T04,S-C,68,1,11696
W01,D2T05,S-C,72,1,12456
W01,D2T06,S-C,83,1,14442
W01,D2T07,S-C,83,2,14525
W01,D2T08,S-C,74,1,13024
W01,D2T09,S-C,61,1,10126
W01,D2T10,S-C,72,1,12024
W01,D2T11,S-C,64,1,10752
W01,D2T12,S-C,75,1,12675
W01,D2T13,S-C,60,1,10200
W01,D2T14,S-C,76,1,12996
W01,D2T15,S-C,83,2,14276
W01,D2T16,S-C,82,2,14186
W01,D2T17,S-C,70,1,12180
W01,D2T18,S-C,67,1,11725
W01,D2T19,S-C,72,2,12672
W01,D2T20,S-C,72,2,11952
W01,D2T21,S-C,63,1,10521
W01,D2T22,S-C,69,1,11592
W01,D2T23,S-C,83,1,14027
W01,D3T00,S-C,61,1,10370
W01,D3T01,S-C,60,1,10260
W01,D3T02,S-C,77,1,13244
W01,D3T03,S-C,78,1,13494
W01,D3T04,S-C,70,1,12180
W01,D3T05,S-C,74,2,12950
W01,D3T06,S-C,62,1,10912
W01,D3T07,S-C,81,1,13446
W01,D3T08,S-C,82,1,13694
W01,D3T09,S-C,71,1,11928
W01,D3T10,S-C,62,1,10478
W01,D3T11,S-C,80,1,13600
W01,D3T12,S-C,82,1,14022
W01,D3T13,S-C,79,2,13588
W01,D3T14,S-C,61,1,10553
W01,D3T15,S-C,76,1,13224
W01,D3T16,S-C,69,2,12075
W01,D3T17,S-C,68,1,11968
W01,D3T18,S-C,74,1,12284
W01,D3T19,S-C,66,1,11022
W01,D3T20,S-C,66,1,11088
W01,D3T21,S-C,74,2,12506
W01,D3T22,S-C,64,1,10880
W01,D3T23,S-C,66,1,11286
W01,D4T00,S-C,72,2,12384
W01,D4T01,S-C,82,2,14186
W01,D4T02,S-C,74,2,12876
W01,D4T03,S-C,63,1,11025
W01,D4T04,S-C,73,1,12848
W01,D4T05,S-C,70,1,11620
W01,D4T06,S-C,65,1,10855
W01,D4T07,S-C,63,1,10584
W01,D4T08,S-C,69,2,11661
W01,D4T09,S-C,74,1,12580
W01,D4T10,S-C,64,1,10944
W01,D4T11,S-C,79,1,13588
W01,D4T12,S-C,63,1,10899
W01,D4T13,S-C,63,1,10962
W01,D4T14,S-C,63,1,11025
W01,D4T15,S-C,83,1,14608
W01,D4T16,S-C,73,1,12118
W01,D4T17,S-C,76,2,12692
W01,D4T18,S-C,60,1,10080
W01,D4T19,S-C,65,1,10985
W01,D4T20,S-C,67,1,11390
W01,D4T21,S-C,75,1,12825
W01,D4T22,S-C,76,1,13072
W01,D4T23,S-C,65,1,11245
W01,D5T00,S-C,84,2,14616
W01,D5T01,S-C,79,2,13825
W01,D5T02,S-C,67,1,11792
W01,D5T03,S-C,75,1,12450
W01,D5T04,S-C,62,1,10354
W01,D5T05,S-C,70,1,11760
W01,D5T06,S-C,62,1,10478
W01,D5T07,S-C,74,2,12580
W01,D5T08,S-C,61,1,10431
W01,D5T09,S-C,77,1,13244
W01,D5T10,S-C,73,1,12629
W01,D5T11,S-C,75,2,13050
W01,D5T12,S-C,78,2,13650
W01,D5T13,S-C,81,1,14256
W01,D5T14,S-C,71,1,11786
W01,D5T15,S-C,73,1,12191
W01,D5T16,S-C,72,1,12096
W01,D5T17,S-C,73,1,12337
W01,D5T18,S-C,67,1,11390
W01,D5T19,S-C,69,1,11799
W01,D5T20,S-C,66,1,11352
W01,D5T21,S-C,82,2,14186
W01,D5T22,S-C,81,2,14094
W01,D5T23,S-C,61,1,10675
W01,D6T00,S-C,62,1,10912
W01,D6T01,S-C,76,1,12616
W01,D6T02,S-C,62,1,10354
W01,D6T03,S-C,64,1,10752
W01,D6T04,S-C,76,2,12844
W01,D6T05,S-C,72,1,12240
W01,D6T06,S-C,83,1,14193
W01,D6T07,S-C,64,1,11008
W01,D6T08,S-C,83,1,14359
W01,D6T09,S-C,81,1,14094
W01,D6T10,S-C,79,1,13825
W01,D6T11,S-C,83,2,14608
W01,D6T12,S-C,62,1,10292
W01,D6T13,S-C,75,1,12525
W01,D6T14,S-C,65,1,10920
W01,D6T15,S-C,73,2,12337
W01,D6T16,S-C,68,1,11560
W01,D6T17,S-C,84,1,14364
W01,D6T18,S-C,68,1,11696
W01,D6T19,S-C,63,2,10899
W01,D6T20,S-C,76,1,13224
W01,D6T21,S-C,71,1,12425
W01,D6T22,S-C,72,1,12672
W01,D6T23,S-C,73,1,12118
W01,D7T00,S-C,76,1,12692
W01,D7T01,S-C,83,1,13944
W01,D7T02,S-C,62,1,10478
W01,D7T03,S-C,65,1,11050
W01,D7T04,S-C,70,1,11970
W01,D7T05,S-C,63,1,10836
W01,D7T06,S-C,79,1,13667
W01,D7T07,S-C,60,1,10440
W01,D7T08,S-C,66,1,11550
W01,D7T09,S-C,84,2,14784
W01,D7T10,S-C,84,2,13944
W01,D7T11,S-C,63,1,10521
W01,D7T12,S-C,65,1,10920
W01,D7T13,S-C,78,2,13182
W01,D7T14,S-C,65,1,11050
W01,D7T15,S-C,68,1,11628
W01,D7T16,S-C,69,1,11868
W01,D7T17,S-C,65,1,11245
W01,D7T18,S-C,79,1,13746
W01,D7T19,S-C,60,1,10500
W01,D7T20,S-C,76,1,13376
W01,D7T21,S-C,64,1,10624
W01,D7T22,S-C,70,1,11690
W01,D7T23,S-C,64,1,10752
W01,D1T00,S-D,60,2,11340
W01,D1T01,S-D,80,2,15200
W01,D1T02,S-D,69,2,13179
W01,D1T03,S-D,78,3,14976
W01,D1T04,S-D,79,2,15247
W01,D1T05,S-D,71,3,13774
W01,D1T06,S-D,66,2,12870
W01,D1T07,S-D,69,2,13524
W01,D1T08,S-D,63,2,12411
W01,D1T09,S-D,64,2,12672
W01,D1T10,S-D,76,2,15124
W01,D1T11,S-D,71,3,13419
W01,D1T12,S-D,84,2,15960
W01,D1T13,S-D,82,2,15662
W01,D1T14,S-D,78,3,14976
W01,D1T15,S-D,66,2,12738
W01,D1T16,S-D,82,3,15908
W01,D1T17,S-D,67,2,13065
W01,D1T18,S-D,84,3,16464
W01,D1T19,S-D,82,3,16154
W01,D1T20,S-D,82,2,16236
W01,D1T21,S-D,61,2,12139
W01,D1T22,S-D,65,3,12285
W01,D1T23,S-D,76,2,14440
W01,D2T00,S-D,79,3,15089
W01,D2T01,S-D,73,3,14016
W01,D2T02,S-D,82,2,15826
W01,D2T03,S-D,68,2,13192
W01,D2T04,S-D,68,2,13260
W01,D2T05,S-D,60,2,11760
W01,D2T06,S-D,61,2,12017
W01,D2T07,S-D,61,2,12078
W01,D2T08,S-D,74,3,14726
W01,D2T09,S-D,63,2,11907
W01,D2T10,S-D,78,3,14820
W01,D2T11,S-D,83,2,15853
W01,D2T12,S-D,64,3,12288
W01,D2T13,S-D,76,2,14668
W01,D2T14,S-D,79,2,15326
W01,D2T15,S-D,69,3,13455
W01,D2T16,S-D,82,3,16072
W01,D2T17,S-D,83,3,16351
W01,D2T18,S-D,63,2,12474
W01,D2T19,S-D,63,2,12537
W01,D2T20,S-D,61,2,11529
W01,D2T21,S-D,69,2,13110
W01,D2T22,S-D,79,2,15089
W01,D2T23,S-D,80,3,15360
W01,D3T00,S-D,75,3,14475
W01,D3T01,S-D,83,3,16102
W01,D3T02,S-D,75,2,14625
W01,D3T03,S-D,68,3,13328
W01,D3T04,S-D,78,2,15366
W01,D3T05,S-D,72,3,14256
W01,D3T06,S-D,71,2,14129
W01,D3T07,S-D,76,3,14364
W01,D3T08,S-D,66,3,12540
W01,D3T09,S-D,68,3,12988
W01,D3T10,S-D,65,2,12480
W01,D3T11,S-D,65,2,12545
W01,D3T12,S-D,65,2,12610
W01,D3T13,S-D,78,3,15210
W01,D3T14,S-D,65,3,12740
W01,D3T15,S-D,69,2,13593
W01,D3T16,S-D,81,2,16038
W01,D3T17,S-D,81,3,16119
W01,D3T18,S-D,74,3,13986
W01,D3T19,S-D,80,3,15200
W01,D3T20,S-D,83,2,15853
W01,D3T21,S-D,71,3,13632
W01,D3T22,S-D,80,2,15440
W01,D3T23,S-D,69,2,13386
W01,D4T00,S-D,80,3,15600
W01,D4T01,S-D,64,2,12544
W01,D4T02,S-D,77,3,15169
W01,D4T03,S-D,81,2,16038
W01,D4T04,S-D,74,3,14726
W01,D4T05,S-D,62,2,11718
W01,D4T06,S-D,73,3,13870
W01,D4T07,S-D,60,2,11460
W01,D4T08,S-D,65,2,12480
W01,D4T09,S-D,74,2,14282
W01,D4T10,S-D,77,3,14938
W01,D4T11,S-D,61,2,11895
W01,D4T12,S-D,81,3,15876
W01,D4T13,S-D,79,2,15563
W01,D4T14,S-D,83,2,16434
W01,D4T15,S-D,75,2,14925
W01,D4T16,S-D,69,3,13041
W01,D4T17,S-D,60,2,11400
W01,D4T18,S-D,82,2,15662
W01,D4T19,S-D,66,3,12672
W01,D4T20,S-D,74,2,14282
W01,D4T21,S-D,82,2,15908
W01,D4T22,S-D,65,3,12675
W01,D4T23,S-D,62,2,12152
W01,D5T00,S-D,75,2,14775
W01,D5T01,S-D,77,3,15246
W01,D5T02,S-D,65,2,12935
W01,D5T03,S-D,78,3,14742
W01,D5T04,S-D,82,3,15580
W01,D5T05,S-D,62,2,11842
W01,D5T06,S-D,69,2,13248
W01,D5T07,S-D,65,2,12545
W01,D5T08,S-D,72,2,13968
W01,D5T09,S-D,73,2,14235
W01,D5T10,S-D,74,3,14504
W01,D5T11,S-D,74,2,14578
W01,D5T12,S-D,78,3,15444
W01,D5T13,S-D,80,3,15920
W01,D5T14,S-D,61,2,11529
W01,D5T15,S-D,80,3,15200
W01,D5T16,S-D,77,3,14707
W01,D5T17,S-D,72,3,13824
W01,D5T18,S-D,74,2,14282
W01,D5T19,S-D,71,2,13774
W01,D5T20,S-D,67,2,13065
W01,D5T21,S-D,71,3,13916
W01,D5T22,S-D,69,2,13593
W01,D5T23,S-D,63,2,12474
W01,D6T00,S-D,74,3,14726
W01,D6T01,S-D,84,3,15876
W01,D6T02,S-D,68,3,12920
W01,D6T03,S-D,65,2,12415
W01,D6T04,S-D,74,2,14208
W01,D6T05,S-D,83,3,16019
W01,D6T06,S-D,67,2,12998
W01,D6T07,S-D,81,3,15795
W01,D6T08,S-D,63,2,12348
W01,D6T09,S-D,76,3,14972
W01,D6T10,S-D,74,3,14652
W01,D6T11,S-D,71,2,14129
W01,D6T12,S-D,83,3,15687
W01,D6T13,S-D,73,3,13870
W01,D6T14,S-D,70,2,13370
W01,D6T15,S-D,64,2,12288
W01,D6T16,S-D,84,2,16212
W01,D6T17,S-D,79,3,15326
W01,D6T18,S-D,74,3,14430
W01,D6T19,S-D,72,2,14112
W01,D6T20,S-D,78,3,15366
W01,D6T21,S-D,75,3,14850
W01,D6T22,S-D,75,2,14925
W01,D6T23,S-D,76,2,14364
W01,D7T00,S-D,79,2,15010
W01,D7T01,S-D,73,3,13943
W01,D7T02,S-D,63,2,12096
W01,D7T03,S-D,75,2,14475
W01,D7T04,S-D,84,2,16296
W01,D7T05,S-D,65,3,12675
W01,D7T06,S-D,76,3,14896
W01,D7T07,S-D,77,2,15169
W01,D7T08,S-D,73,2,14454
W01,D7T09,S-D,65,3,12935
W01,D7T10,S-D,75,3,14175
W01,D7T11,S-D,63,2,11970
W01,D7T12,S-D,78,2,14898
W01,D7T13,S-D,75,3,14400
W01,D7T14,S-D,79,3,15247
W01,D7T15,S-D,71,2,13774
W01,D7T16,S-D,80,2,15600
W01,D7T17,S-D,81,3,15876
W01,D7T18,S-D,65,2,12805
W01,D7T19,S-D,67,2,13266
W01,D7T20,S-D,84,3,16716
W01,D7T21,S-D,82,3,15498
W01,D7T22,S-D,81,3,15390
W01,D7T23,S-D,62,3,11842
