week,hour,site_id,completed_request_count,final_failed_request_count,failed_attempt_count,request_latency_sum_ms
W07,D1T00,S-A,75,1,3,9000
W07,D1T01,S-A,67,2,5,8107
W07,D1T02,S-A,83,1,4,10126
W07,D1T03,S-A,61,1,4,7503
W07,D1T04,S-A,66,2,2,8184
W07,D1T05,S-A,63,1,2,7875
W07,D1T06,S-A,60,1,4,7560
W07,D1T07,S-A,72,2,3,9144
W07,D1T08,S-A,67,1,3,8576
W07,D1T09,S-A,72,1,3,9288
W07,D1T10,S-A,64,1,1,8320
W07,D1T11,S-A,66,1,1,7920
W07,D1T12,S-A,66,1,1,7986
W07,D1T13,S-A,65,1,3,7930
W07,D1T14,S-A,83,1,4,10209
W07,D1T15,S-A,77,1,2,9548
W07,D1T16,S-A,73,2,3,9125
W07,D1T17,S-A,74,1,2,9324
W07,D1T18,S-A,70,1,4,8890
W07,D1T19,S-A,68,1,3,8704
W07,D1T20,S-A,64,1,3,8256
W07,D1T21,S-A,62,2,5,8060
W07,D1T22,S-A,76,1,4,9120
W07,D1T23,S-A,70,2,3,8470
W07,D2T00,S-A,72,1,4,8784
W07,D2T01,S-A,74,1,3,9102
W07,D2T02,S-A,78,1,3,9672
W07,D2T03,S-A,79,2,2,9875
W07,D2T04,S-A,82,1,2,10332
W07,D2T05,S-A,84,2,2,10668
W07,D2T06,S-A,71,1,3,9088
W07,D2T07,S-A,73,1,1,9417
W07,D2T08,S-A,64,1,4,8320
W07,D2T09,S-A,76,1,4,9120
W07,D2T10,S-A,72,1,3,8712
W07,D2T11,S-A,69,1,3,8418
W07,D2T12,S-A,66,1,1,8118
W07,D2T13,S-A,78,1,4,9672
W07,D2T14,S-A,67,1,2,8375
W07,D2T15,S-A,79,2,2,9954
W07,D2T16,S-A,63,1,2,8001
W07,D2T17,S-A,62,1,2,7936
W07,D2T18,S-A,81,2,2,10449
W07,D2T19,S-A,60,1,3,7800
W07,D2T20,S-A,74,1,1,8880
W07,D2T21,S-A,61,1,1,7381
W07,D2T22,S-A,75,2,4,9150
W07,D2T23,S-A,79,1,1,9717
W07,D3T00,S-A,64,1,1,7936
W07,D3T01,S-A,60,1,1,7500
W07,D3T02,S-A,72,2,4,9072
W07,D3T03,S-A,66,1,1,8382
W07,D3T04,S-A,72,1,4,9216
W07,D3T05,S-A,77,1,3,9933
W07,D3T06,S-A,81,1,1,10530
W07,D3T07,S-A,65,1,1,7800
W07,D3T08,S-A,79,1,4,9559
W07,D3T09,S-A,81,1,4,9882
W07,D3T10,S-A,74,1,1,9102
W07,D3T11,S-A,78,1,3,9672
W07,D3T12,S-A,61,1,2,7625
W07,D3T13,S-A,74,2,5,9324
W07,D3T14,S-A,70,1,4,8890
W07,D3T15,S-A,74,1,3,9472
W07,D3T16,S-A,72,1,3,9288
W07,D3T17,S-A,68,1,2,8840
W07,D3T18,S-A,75,1,3,9000
W07,D3T19,S-A,83,1,1,10043
W07,D3T20,S-A,61,1,1,7442
W07,D3T21,S-A,67,2,3,8241
W07,D3T22,S-A,72,2,3,8928
W07,D3T23,S-A,73,1,1,9125
W07,D4T00,S-A,67,2,5,8442
W07,D4T01,S-A,65,1,4,8255
W07,D4T02,S-A,79,2,4,10112
W07,D4T03,S-A,70,2,4,9030
W07,D4T04,S-A,84,2,2,10920
W07,D4T05,S-A,80,1,2,9600
W07,D4T06,S-A,69,1,3,8349
W07,D4T07,S-A,65,1,3,7930
W07,D4T08,S-A,60,1,3,7380
W07,D4T09,S-A,66,1,3,8184
W07,D4T10,S-A,62,1,3,7750
W07,D4T11,S-A,61,1,2,7686
W07,D4T12,S-A,84,2,2,10668
W07,D4T13,S-A,62,1,2,7936
W07,D4T14,S-A,64,1,2,8256
W07,D4T15,S-A,79,2,2,10270
W07,D4T16,S-A,66,1,3,7920
W07,D4T17,S-A,64,1,4,7744
W07,D4T18,S-A,65,1,2,7930
W07,D4T19,S-A,67,1,2,8241
W07,D4T20,S-A,61,1,4,7564
W07,D4T21,S-A,69,1,1,8625
W07,D4T22,S-A,75,2,3,9450
W07,D4T23,S-A,78,2,3,9906
W07,D5T00,S-A,66,1,3,8448
W07,D5T01,S-A,78,1,3,10062
W07,D5T02,S-A,65,1,2,8450
W07,D5T03,S-A,68,1,1,8160
W07,D5T04,S-A,74,1,2,8954
W07,D5T05,S-A,65,1,2,7930
W07,D5T06,S-A,73,1,3,8979
W07,D5T07,S-A,84,2,3,10416
W07,D5T08,S-A,79,2,4,9875
W07,D5T09,S-A,61,1,3,7686
W07,D5T10,S-A,72,2,2,9144
W07,D5T11,S-A,66,1,4,8448
W07,D5T12,S-A,68,1,4,8772
W07,D5T13,S-A,68,1,3,8840
W07,D5T14,S-A,64,1,3,7680
W07,D5T15,S-A,79,2,4,9559
W07,D5T16,S-A,79,1,2,9638
W07,D5T17,S-A,75,1,2,9225
W07,D5T18,S-A,79,2,2,9796
W07,D5T19,S-A,84,1,3,10500
W07,D5T20,S-A,83,1,4,10458
W07,D5T21,S-A,66,1,2,8382
W07,D5T22,S-A,75,1,1,9600
W07,D5T23,S-A,75,1,2,9675
W07,D6T00,S-A,69,2,5,8970
W07,D6T01,S-A,69,1,2,8280
W07,D6T02,S-A,71,1,2,8591
W07,D6T03,S-A,66,1,1,8052
W07,D6T04,S-A,60,1,1,7380
W07,D6T05,S-A,61,1,2,7564
W07,D6T06,S-A,78,1,3,9750
W07,D6T07,S-A,66,1,4,8316
W07,D6T08,S-A,62,1,4,7874
W07,D6T09,S-A,61,1,4,7808
W07,D6T10,S-A,79,2,5,10191
W07,D6T11,S-A,66,1,3,8580
W07,D6T12,S-A,64,1,4,7680
W07,D6T13,S-A,80,2,4,9680
W07,D6T14,S-A,71,1,3,8662
W07,D6T15,S-A,79,1,1,9717
W07,D6T16,S-A,73,1,4,9052
W07,D6T17,S-A,64,1,1,8000
W07,D6T18,S-A,78,2,4,9828
W07,D6T19,S-A,70,1,2,8890
W07,D6T20,S-A,66,1,4,8448
W07,D6T21,S-A,60,1,1,7740
W07,D6T22,S-A,68,1,1,8840
W07,D6T23,S-A,80,1,2,9600
W07,D7T00,S-A,73,1,3,8833
W07,D7T01,S-A,76,2,2,9272
W07,D7T02,S-A,74,1,2,9102
W07,D7T03,S-A,62,1,4,7688
W07,D7T04,S-A,65,1,1,8125
W07,D7T05,S-A,81,1,2,10206
W07,D7T06,S-A,70,2,5,8890
W07,D7T07,S-A,70,1,4,8960
W07,D7T08,S-A,81,1,1,10449
W07,D7T09,S-A,82,2,3,10660
W07,D7T10,S-A,77,2,2,9240
W07,D7T11,S-A,74,2,5,8954
W07,D7T12,S-A,76,1,3,9272
W07,D7T13,S-A,69,1,2,8487
W07,D7T14,S-A,75,1,2,9300
W07,D7T15,S-A,71,2,3,8875
W07,D7T16,S-A,72,2,2,9072
W07,D7T17,S-A,68,2,3,8636
W07,D7T18,S-A,84,1,2,10752
W07,D7T19,S-A,75,1,2,9675
W07,D7T20,S-A,63,1,3,8190
W07,D7T21,S-A,82,2,2,9840
W07,D7T22,S-A,66,1,3,7986
W07,D7T23,S-A,68,1,3,8296
W07,D1T00,S-B,80,2,5,11440
W07,D1T01,S-B,81,2,2,11664
W07,D1T02,S-B,77,2,3,11165
W07,D1T03,S-B,76,2,5,11096
W07,D1T04,S-B,64,2,5,9408
W07,D1T05,S-B,80,2,2,11840
W07,D1T06,S-B,63,2,3,9387
W07,D1T07,S-B,64,1,3,9600
W07,D1T08,S-B,75,2,3,11325
W07,D1T09,S-B,68,1,4,10336
W07,D1T10,S-B,83,2,2,12699
W07,D1T11,S-B,81,2,5,11583
W07,D1T12,S-B,61,1,3,8784
W07,D1T13,S-B,74,1,1,10730
W07,D1T14,S-B,61,2,4,8906
W07,D1T15,S-B,63,2,5,9261
W07,D1T16,S-B,71,2,2,10508
W07,D1T17,S-B,61,1,1,9089
W07,D1T18,S-B,82,2,5,12300
W07,D1T19,S-B,82,2,5,12382
W07,D1T20,S-B,81,2,2,12312
W07,D1T21,S-B,66,1,2,10098
W07,D1T22,S-B,61,1,2,8723
W07,D1T23,S-B,78,2,2,11232
W07,D2T00,S-B,64,1,3,9280
W07,D2T01,S-B,65,1,3,9490
W07,D2T02,S-B,83,2,3,12201
W07,D2T03,S-B,63,2,3,9324
W07,D2T04,S-B,75,2,3,11175
W07,D2T05,S-B,76,2,5,11400
W07,D2T06,S-B,64,2,3,9664
W07,D2T07,S-B,84,2,3,12768
W07,D2T08,S-B,65,1,4,9945
W07,D2T09,S-B,65,2,3,9295
W07,D2T10,S-B,65,1,4,9360
W07,D2T11,S-B,63,2,3,9135
W07,D2T12,S-B,60,2,2,8760
W07,D2T13,S-B,63,1,1,9261
W07,D2T14,S-B,71,2,5,10508
W07,D2T15,S-B,83,2,2,12367
W07,D2T16,S-B,79,2,3,11850
W07,D2T17,S-B,73,1,2,11023
W07,D2T18,S-B,69,2,3,10488
W07,D2T19,S-B,61,1,2,9333
W07,D2T20,S-B,72,2,4,10296
W07,D2T21,S-B,83,2,3,11952
W07,D2T22,S-B,70,1,4,10150
W07,D2T23,S-B,72,2,4,10512
W07,D3T00,S-B,81,2,4,11907
W07,D3T01,S-B,72,2,5,10656
W07,D3T02,S-B,69,1,3,10281
W07,D3T03,S-B,67,2,3,10050
W07,D3T04,S-B,78,2,5,11778
W07,D3T05,S-B,75,2,3,11400
W07,D3T06,S-B,68,2,2,10404
W07,D3T07,S-B,65,1,2,9295
W07,D3T08,S-B,73,1,4,10512
W07,D3T09,S-B,60,2,4,8700
W07,D3T10,S-B,79,1,3,11534
W07,D3T11,S-B,79,2,4,11613
W07,D3T12,S-B,76,2,4,11248
W07,D3T13,S-B,66,1,1,9834
W07,D3T14,S-B,83,2,2,12450
W07,D3T15,S-B,76,2,2,11476
W07,D3T16,S-B,79,2,2,12008
W07,D3T17,S-B,82,2,2,12546
W07,D3T18,S-B,82,2,5,11726
W07,D3T19,S-B,64,1,1,9216
W07,D3T20,S-B,73,2,2,10585
W07,D3T21,S-B,60,1,4,8760
W07,D3T22,S-B,66,1,3,9702
W07,D3T23,S-B,63,2,2,9324
W07,D4T00,S-B,73,2,2,10877
W07,D4T01,S-B,69,2,3,10350
W07,D4T02,S-B,68,2,3,10268
W07,D4T03,S-B,82,2,2,12464
W07,D4T04,S-B,78,2,4,11934
W07,D4T05,S-B,66,1,3,9438
W07,D4T06,S-B,75,2,2,10800
W07,D4T07,S-B,70,2,4,10150
W07,D4T08,S-B,63,1,1,9198
W07,D4T09,S-B,74,2,5,10878
W07,D4T10,S-B,76,1,4,11248
W07,D4T11,S-B,62,1,4,9238
W07,D4T12,S-B,81,2,4,12150
W07,D4T13,S-B,71,2,3,10721
W07,D4T14,S-B,77,2,5,11704
W07,D4T15,S-B,72,1,1,11016
W07,D4T16,S-B,77,2,3,11011
W07,D4T17,S-B,84,2,3,12096
W07,D4T18,S-B,77,2,4,11165
W07,D4T19,S-B,64,1,3,9344
W07,D4T20,S-B,83,2,4,12201
W07,D4T21,S-B,74,2,5,10952
W07,D4T22,S-B,67,2,5,9983
W07,D4T23,S-B,82,1,1,12300
W07,D5T00,S-B,79,1,1,11929
W07,D5T01,S-B,74,2,5,11248
W07,D5T02,S-B,66,1,4,10098
W07,D5T03,S-B,78,2,3,11154
W07,D5T04,S-B,75,2,5,10800
W07,D5T05,S-B,74,2,2,10730
W07,D5T06,S-B,79,2,5,11534
W07,D5T07,S-B,79,2,3,11613
W07,D5T08,S-B,70,1,4,10360
W07,D5T09,S-B,70,2,4,10430
W07,D5T10,S-B,81,2,4,12150
W07,D5T11,S-B,77,1,3,11627
W07,D5T12,S-B,71,2,5,10792
W07,D5T13,S-B,61,2,3,9333
W07,D5T14,S-B,83,2,2,11869
W07,D5T15,S-B,69,2,3,9936
W07,D5T16,S-B,70,2,5,10150
W07,D5T17,S-B,75,2,5,10950
W07,D5T18,S-B,82,2,4,12054
W07,D5T19,S-B,66,2,5,9768
W07,D5T20,S-B,66,2,3,9834
W07,D5T21,S-B,75,1,3,11250
W07,D5T22,S-B,72,1,3,10872
W07,D5T23,S-B,81,2,2,12312
W07,D6T00,S-B,68,2,3,10404
W07,D6T01,S-B,80,2,4,11440
W07,D6T02,S-B,68,2,4,9792
W07,D6T03,S-B,60,1,4,8700
W07,D6T04,S-B,62,1,3,9052
W07,D6T05,S-B,69,2,2,10143
W07,D6T06,S-B,76,2,2,11248
W07,D6T07,S-B,69,2,3,10281
W07,D6T08,S-B,80,2,2,12000
W07,D6T09,S-B,76,2,4,11476
W07,D6T10,S-B,79,2,5,12008
W07,D6T11,S-B,78,2,4,11934
W07,D6T12,S-B,80,2,5,11440
W07,D6T13,S-B,67,1,3,9648
W07,D6T14,S-B,67,2,5,9715
W07,D6T15,S-B,66,2,5,9636
W07,D6T16,S-B,84,2,3,12348
W07,D6T17,S-B,64,2,2,9472
W07,D6T18,S-B,78,1,3,11622
W07,D6T19,S-B,84,2,4,12600
W07,D6T20,S-B,82,2,2,12382
W07,D6T21,S-B,84,2,2,12768
W07,D6T22,S-B,69,2,4,10557
W07,D6T23,S-B,68,2,5,9724
W07,D7T00,S-B,73,2,5,10512
W07,D7T01,S-B,70,2,4,10150
W07,D7T02,S-B,73,2,3,10658
W07,D7T03,S-B,63,1,1,9261
W07,D7T04,S-B,73,1,3,10804
W07,D7T05,S-B,60,1,3,8940
W07,D7T06,S-B,61,2,3,9150
W07,D7T07,S-B,68,1,3,10268
W07,D7T08,S-B,62,1,4,9424
W07,D7T09,S-B,71,2,4,10863
W07,D7T10,S-B,70,2,4,10010
W07,D7T11,S-B,78,2,4,11232
W07,D7T12,S-B,66,2,3,9570
W07,D7T13,S-B,83,2,2,12118
W07,D7T14,S-B,75,2,4,11025
W07,D7T15,S-B,75,2,2,11100
W07,D7T16,S-B,76,2,3,11324
W07,D7T17,S-B,76,2,2,11400
W07,D7T18,S-B,74,2,5,11174
W07,D7T19,S-B,70,2,3,10640
W07,D7T20,S-B,70,1,4,10710
W07,D7T21,S-B,74,1,1,10582
W07,D7T22,S-B,68,2,5,9792
W07,D7T23,S-B,74,1,3,10730
W07,D1T00,S-C,80,1,3,13280
W07,D1T01,S-C,79,1,3,13193
W07,D1T02,S-C,60,1,2,10080
W07,D1T03,S-C,63,1,2,10647
W07,D1T04,S-C,63,1,2,10710
W07,D1T05,S-C,65,1,1,11115
W07,D1T06,S-C,84,2,2,14448
W07,D1T07,S-C,66,1,2,11418
W07,D1T08,S-C,68,1,2,11832
W07,D1T09,S-C,75,1,4,13125
W07,D1T10,S-C,62,1,2,10912
W07,D1T11,S-C,66,1,1,10956
W07,D1T12,S-C,74,1,1,12358
W07,D1T13,S-C,76,2,2,12768
W07,D1T14,S-C,76,1,1,12844
W07,D1T15,S-C,82,1,1,13940
W07,D1T16,S-C,67,1,4,11457
W07,D1T17,S-C,81,1,3,13932
W07,D1T18,S-C,61,1,3,10553
W07,D1T19,S-C,78,1,4,13572
W07,D1T20,S-C,71,1,4,12425
W07,D1T21,S-C,74,1,3,13024
W07,D1T22,S-C,66,1,4,10956
W07,D1T23,S-C,63,1,4,10521
W07,D2T00,S-C,66,1,4,11088
W07,D2T01,S-C,71,1,3,11999
W07,D2T02,S-C,71,2,2,12070
W07,D2T03,S-C,84,1,2,14364
W07,D2T04,S-C,76,1,2,13072
W07,D2T05,S-C,70,1,4,12110
W07,D2T06,S-C,83,1,1,14442
W07,D2T07,S-C,81,1,3,14175
W07,D2T08,S-C,81,1,3,14256
W07,D2T09,S-C,63,1,1,10458
W07,D2T10,S-C,72,1,4,12024
W07,D2T11,S-C,62,0,0,10416
W07,D2T12,S-C,66,1,3,11154
W07,D2T13,S-C,68,1,2,11560
W07,D2T14,S-C,81,1,3,13851
W07,D2T15,S-C,64,1,1,11008
W07,D2T16,S-C,68,1,1,11764
W07,D2T17,S-C,80,1,3,13920
W07,D2T18,S-C,81,1,4,14175
W07,D2T19,S-C,72,1,4,12672
W07,D2T20,S-C,65,1,3,10790
W07,D2T21,S-C,66,1,2,11022
W07,D2T22,S-C,63,1,2,10584
W07,D2T23,S-C,80,1,3,13520
W07,D3T00,S-C,78,1,4,13260
W07,D3T01,S-C,77,1,4,13167
W07,D3T02,S-C,74,2,5,12728
W07,D3T03,S-C,63,1,4,10899
W07,D3T04,S-C,79,2,4,13746
W07,D3T05,S-C,77,1,1,13475
W07,D3T06,S-C,74,1,3,13024
W07,D3T07,S-C,65,1,2,10790
W07,D3T08,S-C,81,1,1,13527
W07,D3T09,S-C,64,1,2,10752
W07,D3T10,S-C,65,1,1,10985
W07,D3T11,S-C,63,1,3,10710
W07,D3T12,S-C,61,1,1,10431
W07,D3T13,S-C,84,1,1,14448
W07,D3T14,S-C,74,1,1,12802
W07,D3T15,S-C,66,1,1,11484
W07,D3T16,S-C,66,1,4,11550
W07,D3T17,S-C,73,1,3,12848
W07,D3T18,S-C,63,1,2,10458
W07,D3T19,S-C,74,2,2,12358
W07,D3T20,S-C,80,2,5,13440
W07,D3T21,S-C,72,1,3,12168
W07,D3T22,S-C,72,1,2,12240
W07,D3T23,S-C,70,1,3,11970
W07,D4T00,S-C,61,1,4,10492
W07,D4T01,S-C,82,2,2,14186
W07,D4T02,S-C,74,1,3,12876
W07,D4T03,S-C,74,2,2,12950
W07,D4T04,S-C,75,1,1,13200
W07,D4T05,S-C,72,1,2,11952
W07,D4T06,S-C,66,1,2,11022
W07,D4T07,S-C,68,1,3,11424
W07,D4T08,S-C,65,1,3,10985
W07,D4T09,S-C,71,1,3,12070
W07,D4T10,S-C,66,1,2,11286
W07,D4T11,S-C,65,1,4,11180
W07,D4T12,S-C,82,2,4,14186
W07,D4T13,S-C,73,1,4,12702
W07,D4T14,S-C,78,1,2,13650
W07,D4T15,S-C,70,1,2,12320
W07,D4T16,S-C,60,1,3,9960
W07,D4T17,S-C,78,1,3,13026
W07,D4T18,S-C,83,2,5,13944
W07,D4T19,S-C,64,1,2,10816
W07,D4T20,S-C,80,1,1,13600
W07,D4T21,S-C,72,1,1,12312
W07,D4T22,S-C,81,1,4,13932
W07,D4T23,S-C,83,2,2,14359
W07,D5T00,S-C,81,1,3,14094
W07,D5T01,S-C,78,1,2,13650
W07,D5T02,S-C,83,1,1,14608
W07,D5T03,S-C,65,1,3,10790
W07,D5T04,S-C,68,1,3,11356
W07,D5T05,S-C,82,1,3,13776
W07,D5T06,S-C,63,1,3,10647
W07,D5T07,S-C,66,1,4,11220
W07,D5T08,S-C,77,1,4,13167
W07,D5T09,S-C,60,1,3,10320
W07,D5T10,S-C,74,1,4,12802
W07,D5T11,S-C,70,1,4,12180
W07,D5T12,S-C,80,1,4,14000
W07,D5T13,S-C,64,1,4,11264
W07,D5T14,S-C,81,1,3,13446
W07,D5T15,S-C,73,1,4,12191
W07,D5T16,S-C,66,1,2,11088
W07,D5T17,S-C,64,1,4,10816
W07,D5T18,S-C,80,1,1,13600
W07,D5T19,S-C,77,1,2,13167
W07,D5T20,S-C,67,1,4,11524
W07,D5T21,S-C,64,1,2,11072
W07,D5T22,S-C,64,1,3,11136
W07,D5T23,S-C,71,1,2,12425
W07,D6T00,S-C,84,2,5,14784
W07,D6T01,S-C,62,1,4,10292
W07,D6T02,S-C,67,1,2,11189
W07,D6T03,S-C,73,2,5,12264
W07,D6T04,S-C,82,1,4,13858
W07,D6T05,S-C,75,1,1,12750
W07,D6T06,S-C,80,2,2,13680
W07,D6T07,S-C,80,1,2,13760
W07,D6T08,S-C,78,1,2,13494
W07,D6T09,S-C,75,1,3,13050
W07,D6T10,S-C,66,1,3,11550
W07,D6T11,S-C,61,1,1,10736
W07,D6T12,S-C,84,1,1,13944
W07,D6T13,S-C,78,2,2,13026
W07,D6T14,S-C,62,1,4,10416
W07,D6T15,S-C,76,2,5,12844
W07,D6T16,S-C,76,1,1,12920
W07,D6T17,S-C,70,1,3,11970
W07,D6T18,S-C,78,2,3,13416
W07,D6T19,S-C,62,1,1,10726
W07,D6T20,S-C,64,1,2,11136
W07,D6T21,S-C,72,1,4,12600
W07,D6T22,S-C,70,1,3,12320
W07,D6T23,S-C,67,1,3,11122
W07,D7T00,S-C,76,1,2,12692
W07,D7T01,S-C,66,1,1,11088
W07,D7T02,S-C,84,1,4,14196
W07,D7T03,S-C,76,1,3,12920
W07,D7T04,S-C,70,1,3,11970
W07,D7T05,S-C,81,2,3,13932
W07,D7T06,S-C,70,1,3,12110
W07,D7T07,S-C,69,1,2,12006
W07,D7T08,S-C,64,1,1,11200
W07,D7T09,S-C,61,1,4,10736
W07,D7T10,S-C,80,2,4,13280
W07,D7T11,S-C,81,1,1,13527
W07,D7T12,S-C,81,2,3,13608
W07,D7T13,S-C,62,1,1,10478
W07,D7T14,S-C,84,2,5,14280
W07,D7T15,S-C,73,1,2,12483
W07,D7T16,S-C,76,1,1,13072
W07,D7T17,S-C,64,1,4,11072
W07,D7T18,S-C,72,1,4,12528
W07,D7T19,S-C,75,1,1,13125
W07,D7T20,S-C,64,1,4,11264
W07,D7T21,S-C,77,1,2,12782
W07,D7T22,S-C,71,1,2,11857
W07,D7T23,S-C,67,1,4,11256
W07,D1T00,S-D,66,2,3,12474
W07,D1T01,S-D,83,2,5,15770
W07,D1T02,S-D,84,2,3,16044
W07,D1T03,S-D,63,2,3,12096
W07,D1T04,S-D,71,2,5,13703
W07,D1T05,S-D,62,2,4,12028
W07,D1T06,S-D,79,3,3,15405
W07,D1T07,S-D,68,2,5,13328
W07,D1T08,S-D,84,2,2,16548
W07,D1T09,S-D,72,2,5,14256
W07,D1T10,S-D,66,2,4,13134
W07,D1T11,S-D,80,3,4,15120
W07,D1T12,S-D,78,2,4,14820
W07,D1T13,S-D,71,2,2,13561
W07,D1T14,S-D,72,2,2,13824
W07,D1T15,S-D,82,3,5,15826
W07,D1T16,S-D,77,2,5,14938
W07,D1T17,S-D,61,1,2,11895
W07,D1T18,S-D,82,2,3,16072
W07,D1T19,S-D,69,2,3,13593
W07,D1T20,S-D,79,2,5,15642
W07,D1T21,S-D,66,2,4,13134
W07,D1T22,S-D,73,2,3,13797
W07,D1T23,S-D,70,2,5,13300
W07,D2T00,S-D,65,2,3,12415
W07,D2T01,S-D,61,2,3,11712
W07,D2T02,S-D,77,2,5,14861
W07,D2T03,S-D,74,2,4,14356
W07,D2T04,S-D,83,2,2,16185
W07,D2T05,S-D,83,2,2,16268
W07,D2T06,S-D,70,2,2,13790
W07,D2T07,S-D,60,2,4,11880
W07,D2T08,S-D,75,2,4,14925
W07,D2T09,S-D,71,2,3,13419
W07,D2T10,S-D,68,2,2,12920
W07,D2T11,S-D,82,3,5,15662
W07,D2T12,S-D,68,2,5,13056
W07,D2T13,S-D,80,2,4,15440
W07,D2T14,S-D,67,2,2,12998
W07,D2T15,S-D,62,2,3,12090
W07,D2T16,S-D,71,2,3,13916
W07,D2T17,S-D,73,2,2,14381
W07,D2T18,S-D,72,2,5,14256
W07,D2T19,S-D,70,2,5,13930
W07,D2T20,S-D,71,2,3,13419
W07,D2T21,S-D,79,2,2,15010
W07,D2T22,S-D,74,2,3,14134
W07,D2T23,S-D,77,3,4,14784
W07,D3T00,S-D,67,2,5,12931
W07,D3T01,S-D,73,2,5,14162
W07,D3T02,S-D,67,2,2,13065
W07,D3T03,S-D,72,2,5,14112
W07,D3T04,S-D,69,2,3,13593
W07,D3T05,S-D,77,3,5,15246
W07,D3T06,S-D,68,2,2,13532
W07,D3T07,S-D,73,2,3,13797
W07,D3T08,S-D,84,2,4,15960
W07,D3T09,S-D,82,2,4,15662
W07,D3T10,S-D,73,2,2,14016
W07,D3T11,S-D,64,2,4,12352
W07,D3T12,S-D,64,2,5,12416
W07,D3T13,S-D,66,1,1,12870
W07,D3T14,S-D,81,2,4,15876
W07,D3T15,S-D,67,2,5,13199
W07,D3T16,S-D,67,2,5,13266
W07,D3T17,S-D,67,2,3,13333
W07,D3T18,S-D,82,3,3,15498
W07,D3T19,S-D,72,3,4,13680
W07,D3T20,S-D,61,2,5,11651
W07,D3T21,S-D,74,2,3,14208
W07,D3T22,S-D,77,2,5,14861
W07,D3T23,S-D,61,2,5,11834
W07,D4T00,S-D,67,2,3,13065
W07,D4T01,S-D,84,2,4,16464
W07,D4T02,S-D,71,2,4,13987
W07,D4T03,S-D,74,2,2,14652
W07,D4T04,S-D,73,2,5,14527
W07,D4T05,S-D,60,2,3,11340
W07,D4T06,S-D,71,2,4,13490
W07,D4T07,S-D,79,2,3,15089
W07,D4T08,S-D,75,3,6,14400
W07,D4T09,S-D,69,2,5,13317
W07,D4T10,S-D,70,2,2,13580
W07,D4T11,S-D,60,2,4,11700
W07,D4T12,S-D,61,2,2,11956
W07,D4T13,S-D,62,1,3,12214
W07,D4T14,S-D,80,2,4,15840
W07,D4T15,S-D,65,2,2,12935
W07,D4T16,S-D,68,2,5,12852
W07,D4T17,S-D,65,2,2,12350
W07,D4T18,S-D,66,2,2,12606
W07,D4T19,S-D,78,3,6,14976
W07,D4T20,S-D,68,2,3,13124
W07,D4T21,S-D,82,2,5,15908
W07,D4T22,S-D,77,3,5,15015
W07,D4T23,S-D,70,2,2,13720
W07,D5T00,S-D,63,1,4,12411
W07,D5T01,S-D,61,2,2,12078
W07,D5T02,S-D,84,2,4,16716
W07,D5T03,S-D,65,2,2,12285
W07,D5T04,S-D,62,1,2,11780
W07,D5T05,S-D,84,2,3,16044
W07,D5T06,S-D,66,2,2,12672
W07,D5T07,S-D,69,2,3,13317
W07,D5T08,S-D,71,2,3,13774
W07,D5T09,S-D,67,2,3,13065
W07,D5T10,S-D,67,2,4,13132
W07,D5T11,S-D,70,2,3,13790
W07,D5T12,S-D,73,2,2,14454
W07,D5T13,S-D,71,2,5,14129
W07,D5T14,S-D,76,2,3,14364
W07,D5T15,S-D,63,1,3,11970
W07,D5T16,S-D,83,2,2,15853
W07,D5T17,S-D,60,2,2,11520
W07,D5T18,S-D,73,2,5,14089
W07,D5T19,S-D,67,2,3,12998
W07,D5T20,S-D,62,2,4,12090
W07,D5T21,S-D,79,2,4,15484
W07,D5T22,S-D,71,2,3,13987
W07,D5T23,S-D,66,2,2,13068
W07,D6T00,S-D,71,2,5,14129
W07,D6T01,S-D,84,2,3,15876
W07,D6T02,S-D,74,2,4,14060
W07,D6T03,S-D,72,2,3,13752
W07,D6T04,S-D,66,2,4,12672
W07,D6T05,S-D,70,2,4,13510
W07,D6T06,S-D,67,2,2,12998
W07,D6T07,S-D,75,2,3,14625
W07,D6T08,S-D,64,2,2,12544
W07,D6T09,S-D,78,2,3,15366
W07,D6T10,S-D,69,2,2,13662
W07,D6T11,S-D,61,2,2,12139
W07,D6T12,S-D,77,2,4,14553
W07,D6T13,S-D,81,2,3,15390
W07,D6T14,S-D,67,2,3,12797
W07,D6T15,S-D,72,2,4,13824
W07,D6T16,S-D,65,2,2,12545
W07,D6T17,S-D,72,2,3,13968
W07,D6T18,S-D,81,2,3,15795
W07,D6T19,S-D,78,3,6,15288
W07,D6T20,S-D,62,2,3,12214
W07,D6T21,S-D,65,2,5,12870
W07,D6T22,S-D,65,2,3,12935
W07,D6T23,S-D,81,2,2,15309
W07,D7T00,S-D,75,2,2,14250
W07,D7T01,S-D,70,2,5,13370
W07,D7T02,S-D,68,2,3,13056
W07,D7T03,S-D,65,2,4,12545
W07,D7T04,S-D,81,2,4,15714
W07,D7T05,S-D,66,2,5,12870
W07,D7T06,S-D,80,3,4,15680
W07,D7T07,S-D,79,2,3,15563
W07,D7T08,S-D,75,2,2,14850
W07,D7T09,S-D,84,2,3,16716
W07,D7T10,S-D,60,2,4,11340
W07,D7T11,S-D,69,2,3,13110
W07,D7T12,S-D,68,2,2,12988
W07,D7T13,S-D,71,2,4,13632
W07,D7T14,S-D,65,2,4,12545
W07,D7T15,S-D,66,2,3,12804
W07,D7T16,S-D,73,2,3,14235
W07,D7T17,S-D,73,3,6,14308
W07,D7T18,S-D,62,2,5,12214
W07,D7T19,S-D,73,2,4,14454
W07,D7T20,S-D,80,2,5,15920
W07,D7T21,S-D,62,2,2,11718
W07,D7T22,S-D,82,2,2,15580
W07,D7T23,S-D,69,2,4,13179
