week,site_id,sample_id,latency_ms
W08,S-A,W08-S-A-000,543
W08,S-A,W08-S-A-001,568
W08,S-A,W08-S-A-002,587
W08,S-A,W08-S-A-003,642
W08,S-A,W08-S-A-004,631
W08,S-A,W08-S-A-005,625
W08,S-A,W08-S-A-006,663
W08,S-A,W08-S-A-007,678
W08,S-A,W08-S-A-008,611
W08,S-A,W08-S-A-009,676
W08,S-A,W08-S-A-010,666
W08,S-A,W08-S-A-011,580
W08,S-A,W08-S-A-012,561
W08,S-A,W08-S-A-013,689
W08,S-A,W08-S-A-014,562
W08,S-A,W08-S-A-015,592
W08,S-A,W08-S-A-016,580
W08,S-A,W08-S-A-017,577
W08,S-A,W08-S-A-018,564
W08,S-A,W08-S-A-019,598
W08,S-A,W08-S-A-020,660
W08,S-A,W08-S-A-021,553
W08,S-A,W08-S-A-022,575
W08,S-A,W08-S-A-023,633
W08,S-A,W08-S-A-024,642
W08,S-A,W08-S-A-025,682
W08,S-A,W08-S-A-026,641
W08,S-A,W08-S-A-027,602
W08,S-A,W08-S-A-028,591
W08,S-A,W08-S-A-029,547
W08,S-A,W08-S-A-030,568
W08,S-A,W08-S-A-031,597
W08,S-A,W08-S-A-032,695
W08,S-A,W08-S-A-033,663
W08,S-A,W08-S-A-034,631
W08,S-A,W08-S-A-035,610
W08,S-A,W08-S-A-036,545
W08,S-A,W08-S-A-037,544
W08,S-A,W08-S-A-038,661
W08,S-A,W08-S-A-039,607
W08,S-A,W08-S-A-040,688
W08,S-A,W08-S-A-041,597
W08,S-A,W08-S-A-042,675
W08,S-A,W08-S-A-043,633
W08,S-A,W08-S-A-044,627
W08,S-A,W08-S-A-045,632
W08,S-A,W08-S-A-046,580
W08,S-A,W08-S-A-047,596
W08,S-A,W08-S-A-048,647
W08,S-A,W08-S-A-049,691
W08,S-A,W08-S-A-050,562
W08,S-A,W08-S-A-051,543
W08,S-A,W08-S-A-052,569
W08,S-A,W08-S-A-053,700
W08,S-A,W08-S-A-054,656
W08,S-A,W08-S-A-055,665
W08,S-A,W08-S-A-056,568
W08,S-A,W08-S-A-057,619
W08,S-A,W08-S-A-058,617
W08,S-A,W08-S-A-059,548
W08,S-A,W08-S-A-060,596
W08,S-A,W08-S-A-061,593
W08,S-A,W08-S-A-062,601
W08,S-A,W08-S-A-063,590
W08,S-A,W08-S-A-064,588
W08,S-A,W08-S-A-065,699
W08,S-A,W08-S-A-066,629
W08,S-A,W08-S-A-067,666
W08,S-A,W08-S-A-068,593
W08,S-A,W08-S-A-069,694
W08,S-A,W08-S-A-070,592
W08,S-A,W08-S-A-071,630
W08,S-A,W08-S-A-072,649
W08,S-A,W08-S-A-073,615
W08,S-A,W08-S-A-074,563
W08,S-A,W08-S-A-075,564
W08,S-A,W08-S-A-076,653
W08,S-A,W08-S-A-077,692
W08,S-A,W08-S-A-078,553
W08,S-A,W08-S-A-079,615
W08,S-A,W08-S-A-080,673
W08,S-A,W08-S-A-081,553
W08,S-A,W08-S-A-082,587
W08,S-A,W08-S-A-083,676
W08,S-A,W08-S-A-084,584
W08,S-A,W08-S-A-085,655
W08,S-A,W08-S-A-086,615
W08,S-A,W08-S-A-087,660
W08,S-A,W08-S-A-088,608
W08,S-A,W08-S-A-089,691
W08,S-A,W08-S-A-090,624
W08,S-A,W08-S-A-091,607
W08,S-A,W08-S-A-092,565
W08,S-A,W08-S-A-093,683
W08,S-A,W08-S-A-094,622
W08,S-A,W08-S-A-095,667
W08,S-A,W08-S-A-096,680
W08,S-A,W08-S-A-097,554
W08,S-A,W08-S-A-098,540
W08,S-A,W08-S-A-099,671
W08,S-A,W08-S-A-100,698
W08,S-A,W08-S-A-101,651
W08,S-A,W08-S-A-102,611
W08,S-A,W08-S-A-103,659
W08,S-A,W08-S-A-104,590
W08,S-A,W08-S-A-105,638
W08,S-A,W08-S-A-106,557
W08,S-A,W08-S-A-107,632
W08,S-A,W08-S-A-108,670
W08,S-A,W08-S-A-109,681
W08,S-A,W08-S-A-110,544
W08,S-A,W08-S-A-111,624
W08,S-A,W08-S-A-112,658
W08,S-A,W08-S-A-113,666
W08,S-A,W08-S-A-114,543
W08,S-A,W08-S-A-115,567
W08,S-A,W08-S-A-116,559
W08,S-A,W08-S-A-117,664
W08,S-A,W08-S-A-118,679
W08,S-A,W08-S-A-119,584
W08,S-A,W08-S-A-120,685
W08,S-A,W08-S-A-121,697
W08,S-A,W08-S-A-122,580
W08,S-A,W08-S-A-123,677
W08,S-A,W08-S-A-124,608
W08,S-A,W08-S-A-125,663
W08,S-A,W08-S-A-126,575
W08,S-A,W08-S-A-127,680
W08,S-B,W08-S-B-000,386
W08,S-B,W08-S-B-001,377
W08,S-B,W08-S-B-002,401
W08,S-B,W08-S-B-003,322
W08,S-B,W08-S-B-004,403
W08,S-B,W08-S-B-005,366
W08,S-B,W08-S-B-006,298
W08,S-B,W08-S-B-007,401
W08,S-B,W08-S-B-008,359
W08,S-B,W08-S-B-009,393
W08,S-B,W08-S-B-010,368
W08,S-B,W08-S-B-011,392
W08,S-B,W08-S-B-012,363
W08,S-B,W08-S-B-013,418
W08,S-B,W08-S-B-014,366
W08,S-B,W08-S-B-015,359
W08,S-B,W08-S-B-016,328
W08,S-B,W08-S-B-017,291
W08,S-B,W08-S-B-018,271
W08,S-B,W08-S-B-019,283
W08,S-B,W08-S-B-020,278
W08,S-B,W08-S-B-021,292
W08,S-B,W08-S-B-022,336
W08,S-B,W08-S-B-023,358
W08,S-B,W08-S-B-024,325
W08,S-B,W08-S-B-025,392
W08,S-B,W08-S-B-026,410
W08,S-B,W08-S-B-027,369
W08,S-B,W08-S-B-028,314
W08,S-B,W08-S-B-029,403
W08,S-B,W08-S-B-030,420
W08,S-B,W08-S-B-031,421
W08,S-B,W08-S-B-032,387
W08,S-B,W08-S-B-033,295
W08,S-B,W08-S-B-034,272
W08,S-B,W08-S-B-035,430
W08,S-B,W08-S-B-036,385
W08,S-B,W08-S-B-037,310
W08,S-B,W08-S-B-038,327
W08,S-B,W08-S-B-039,293
W08,S-B,W08-S-B-040,419
W08,S-B,W08-S-B-041,386
W08,S-B,W08-S-B-042,298
W08,S-B,W08-S-B-043,287
W08,S-B,W08-S-B-044,383
W08,S-B,W08-S-B-045,428
W08,S-B,W08-S-B-046,281
W08,S-B,W08-S-B-047,427
W08,S-B,W08-S-B-048,351
W08,S-B,W08-S-B-049,278
W08,S-B,W08-S-B-050,324
W08,S-B,W08-S-B-051,340
W08,S-B,W08-S-B-052,391
W08,S-B,W08-S-B-053,291
W08,S-B,W08-S-B-054,311
W08,S-B,W08-S-B-055,362
W08,S-B,W08-S-B-056,421
W08,S-B,W08-S-B-057,367
W08,S-B,W08-S-B-058,285
W08,S-B,W08-S-B-059,300
W08,S-B,W08-S-B-060,394
W08,S-B,W08-S-B-061,359
W08,S-B,W08-S-B-062,391
W08,S-B,W08-S-B-063,286
W08,S-B,W08-S-B-064,380
W08,S-B,W08-S-B-065,357
W08,S-B,W08-S-B-066,418
W08,S-B,W08-S-B-067,383
W08,S-B,W08-S-B-068,324
W08,S-B,W08-S-B-069,340
W08,S-B,W08-S-B-070,342
W08,S-B,W08-S-B-071,407
W08,S-B,W08-S-B-072,420
W08,S-B,W08-S-B-073,414
W08,S-B,W08-S-B-074,318
W08,S-B,W08-S-B-075,272
W08,S-B,W08-S-B-076,420
W08,S-B,W08-S-B-077,420
W08,S-B,W08-S-B-078,419
W08,S-B,W08-S-B-079,296
W08,S-B,W08-S-B-080,274
W08,S-B,W08-S-B-081,334
W08,S-B,W08-S-B-082,304
W08,S-B,W08-S-B-083,380
W08,S-B,W08-S-B-084,306
W08,S-B,W08-S-B-085,392
W08,S-B,W08-S-B-086,383
W08,S-B,W08-S-B-087,397
W08,S-B,W08-S-B-088,346
W08,S-B,W08-S-B-089,378
W08,S-B,W08-S-B-090,396
W08,S-B,W08-S-B-091,397
W08,S-B,W08-S-B-092,368
W08,S-B,W08-S-B-093,378
W08,S-B,W08-S-B-094,305
W08,S-B,W08-S-B-095,418
W08,S-B,W08-S-B-096,393
W08,S-B,W08-S-B-097,382
W08,S-B,W08-S-B-098,356
W08,S-B,W08-S-B-099,274
W08,S-B,W08-S-B-100,309
W08,S-B,W08-S-B-101,392
W08,S-B,W08-S-B-102,328
W08,S-B,W08-S-B-103,288
W08,S-B,W08-S-B-104,299
W08,S-B,W08-S-B-105,405
W08,S-B,W08-S-B-106,360
W08,S-B,W08-S-B-107,296
W08,S-B,W08-S-B-108,340
W08,S-B,W08-S-B-109,385
W08,S-B,W08-S-B-110,408
W08,S-B,W08-S-B-111,412
W08,S-B,W08-S-B-112,272
W08,S-B,W08-S-B-113,273
W08,S-B,W08-S-B-114,339
W08,S-B,W08-S-B-115,416
W08,S-B,W08-S-B-116,278
W08,S-B,W08-S-B-117,375
W08,S-B,W08-S-B-118,335
W08,S-B,W08-S-B-119,367
W08,S-B,W08-S-B-120,364
W08,S-B,W08-S-B-121,339
W08,S-B,W08-S-B-122,391
W08,S-B,W08-S-B-123,279
W08,S-B,W08-S-B-124,296
W08,S-B,W08-S-B-125,415
W08,S-B,W08-S-B-126,276
W08,S-B,W08-S-B-127,342
W08,S-C,W08-S-C-000,617
W08,S-C,W08-S-C-001,639
W08,S-C,W08-S-C-002,537
W08,S-C,W08-S-C-003,571
W08,S-C,W08-S-C-004,577
W08,S-C,W08-S-C-005,594
W08,S-C,W08-S-C-006,545
W08,S-C,W08-S-C-007,520
W08,S-C,W08-S-C-008,602
W08,S-C,W08-S-C-009,619
W08,S-C,W08-S-C-010,518
W08,S-C,W08-S-C-011,631
W08,S-C,W08-S-C-012,545
W08,S-C,W08-S-C-013,591
W08,S-C,W08-S-C-014,523
W08,S-C,W08-S-C-015,667
W08,S-C,W08-S-C-016,580
W08,S-C,W08-S-C-017,666
W08,S-C,W08-S-C-018,618
W08,S-C,W08-S-C-019,575
W08,S-C,W08-S-C-020,515
W08,S-C,W08-S-C-021,652
W08,S-C,W08-S-C-022,535
W08,S-C,W08-S-C-023,584
W08,S-C,W08-S-C-024,621
W08,S-C,W08-S-C-025,624
W08,S-C,W08-S-C-026,636
W08,S-C,W08-S-C-027,513
W08,S-C,W08-S-C-028,584
W08,S-C,W08-S-C-029,615
W08,S-C,W08-S-C-030,559
W08,S-C,W08-S-C-031,528
W08,S-C,W08-S-C-032,539
W08,S-C,W08-S-C-033,552
W08,S-C,W08-S-C-034,591
W08,S-C,W08-S-C-035,639
W08,S-C,W08-S-C-036,526
W08,S-C,W08-S-C-037,519
W08,S-C,W08-S-C-038,647
W08,S-C,W08-S-C-039,664
W08,S-C,W08-S-C-040,528
W08,S-C,W08-S-C-041,621
W08,S-C,W08-S-C-042,600
W08,S-C,W08-S-C-043,595
W08,S-C,W08-S-C-044,633
W08,S-C,W08-S-C-045,613
W08,S-C,W08-S-C-046,593
W08,S-C,W08-S-C-047,630
W08,S-C,W08-S-C-048,558
W08,S-C,W08-S-C-049,550
W08,S-C,W08-S-C-050,594
W08,S-C,W08-S-C-051,582
W08,S-C,W08-S-C-052,592
W08,S-C,W08-S-C-053,598
W08,S-C,W08-S-C-054,603
W08,S-C,W08-S-C-055,514
W08,S-C,W08-S-C-056,613
W08,S-C,W08-S-C-057,513
W08,S-C,W08-S-C-058,555
W08,S-C,W08-S-C-059,549
W08,S-C,W08-S-C-060,512
W08,S-C,W08-S-C-061,627
W08,S-C,W08-S-C-062,656
W08,S-C,W08-S-C-063,625
W08,S-C,W08-S-C-064,536
W08,S-C,W08-S-C-065,586
W08,S-C,W08-S-C-066,596
W08,S-C,W08-S-C-067,613
W08,S-C,W08-S-C-068,609
W08,S-C,W08-S-C-069,537
W08,S-C,W08-S-C-070,670
W08,S-C,W08-S-C-071,582
W08,S-C,W08-S-C-072,562
W08,S-C,W08-S-C-073,591
W08,S-C,W08-S-C-074,652
W08,S-C,W08-S-C-075,534
W08,S-C,W08-S-C-076,659
W08,S-C,W08-S-C-077,550
W08,S-C,W08-S-C-078,527
W08,S-C,W08-S-C-079,614
W08,S-C,W08-S-C-080,571
W08,S-C,W08-S-C-081,557
W08,S-C,W08-S-C-082,591
W08,S-C,W08-S-C-083,615
W08,S-C,W08-S-C-084,560
W08,S-C,W08-S-C-085,615
W08,S-C,W08-S-C-086,567
W08,S-C,W08-S-C-087,586
W08,S-C,W08-S-C-088,649
W08,S-C,W08-S-C-089,586
W08,S-C,W08-S-C-090,654
W08,S-C,W08-S-C-091,596
W08,S-C,W08-S-C-092,631
W08,S-C,W08-S-C-093,606
W08,S-C,W08-S-C-094,659
W08,S-C,W08-S-C-095,622
W08,S-C,W08-S-C-096,577
W08,S-C,W08-S-C-097,617
W08,S-C,W08-S-C-098,523
W08,S-C,W08-S-C-099,615
W08,S-C,W08-S-C-100,588
W08,S-C,W08-S-C-101,567
W08,S-C,W08-S-C-102,579
W08,S-C,W08-S-C-103,625
W08,S-C,W08-S-C-104,634
W08,S-C,W08-S-C-105,521
W08,S-C,W08-S-C-106,624
W08,S-C,W08-S-C-107,512
W08,S-C,W08-S-C-108,590
W08,S-C,W08-S-C-109,600
W08,S-C,W08-S-C-110,625
W08,S-C,W08-S-C-111,654
W08,S-C,W08-S-C-112,601
W08,S-C,W08-S-C-113,512
W08,S-C,W08-S-C-114,571
W08,S-C,W08-S-C-115,545
W08,S-C,W08-S-C-116,542
W08,S-C,W08-S-C-117,641
W08,S-C,W08-S-C-118,608
W08,S-C,W08-S-C-119,612
W08,S-C,W08-S-C-120,541
W08,S-C,W08-S-C-121,573
W08,S-C,W08-S-C-122,571
W08,S-C,W08-S-C-123,598
W08,S-C,W08-S-C-124,647
W08,S-C,W08-S-C-125,649
W08,S-C,W08-S-C-126,566
W08,S-C,W08-S-C-127,659
W08,S-D,W08-S-D-000,299
W08,S-D,W08-S-D-001,253
W08,S-D,W08-S-D-002,388
W08,S-D,W08-S-D-003,381
W08,S-D,W08-S-D-004,286
W08,S-D,W08-S-D-005,315
W08,S-D,W08-S-D-006,387
W08,S-D,W08-S-D-007,267
W08,S-D,W08-S-D-008,375
W08,S-D,W08-S-D-009,385
W08,S-D,W08-S-D-010,387
W08,S-D,W08-S-D-011,296
W08,S-D,W08-S-D-012,261
W08,S-D,W08-S-D-013,295
W08,S-D,W08-S-D-014,320
W08,S-D,W08-S-D-015,240
W08,S-D,W08-S-D-016,291
W08,S-D,W08-S-D-017,284
W08,S-D,W08-S-D-018,368
W08,S-D,W08-S-D-019,359
W08,S-D,W08-S-D-020,259
W08,S-D,W08-S-D-021,321
W08,S-D,W08-S-D-022,362
W08,S-D,W08-S-D-023,358
W08,S-D,W08-S-D-024,289
W08,S-D,W08-S-D-025,313
W08,S-D,W08-S-D-026,298
W08,S-D,W08-S-D-027,367
W08,S-D,W08-S-D-028,374
W08,S-D,W08-S-D-029,396
W08,S-D,W08-S-D-030,302
W08,S-D,W08-S-D-031,305
W08,S-D,W08-S-D-032,283
W08,S-D,W08-S-D-033,318
W08,S-D,W08-S-D-034,280
W08,S-D,W08-S-D-035,240
W08,S-D,W08-S-D-036,243
W08,S-D,W08-S-D-037,379
W08,S-D,W08-S-D-038,261
W08,S-D,W08-S-D-039,269
W08,S-D,W08-S-D-040,349
W08,S-D,W08-S-D-041,359
W08,S-D,W08-S-D-042,327
W08,S-D,W08-S-D-043,250
W08,S-D,W08-S-D-044,313
W08,S-D,W08-S-D-045,366
W08,S-D,W08-S-D-046,289
W08,S-D,W08-S-D-047,354
W08,S-D,W08-S-D-048,332
W08,S-D,W08-S-D-049,351
W08,S-D,W08-S-D-050,259
W08,S-D,W08-S-D-051,367
W08,S-D,W08-S-D-052,306
W08,S-D,W08-S-D-053,388
W08,S-D,W08-S-D-054,348
W08,S-D,W08-S-D-055,323
W08,S-D,W08-S-D-056,258
W08,S-D,W08-S-D-057,374
W08,S-D,W08-S-D-058,262
W08,S-D,W08-S-D-059,364
W08,S-D,W08-S-D-060,344
W08,S-D,W08-S-D-061,357
W08,S-D,W08-S-D-062,305
W08,S-D,W08-S-D-063,244
W08,S-D,W08-S-D-064,250
W08,S-D,W08-S-D-065,269
W08,S-D,W08-S-D-066,250
W08,S-D,W08-S-D-067,334
W08,S-D,W08-S-D-068,344
W08,S-D,W08-S-D-069,297
W08,S-D,W08-S-D-070,365
W08,S-D,W08-S-D-071,306
W08,S-D,W08-S-D-072,252
W08,S-D,W08-S-D-073,370
W08,S-D,W08-S-D-074,266
W08,S-D,W08-S-D-075,246
W08,S-D,W08-S-D-076,334
W08,S-D,W08-S-D-077,301
W08,S-D,W08-S-D-078,303
W08,S-D,W08-S-D-079,326
W08,S-D,W08-S-D-080,318
W08,S-D,W08-S-D-081,278
W08,S-D,W08-S-D-082,277
W08,S-D,W08-S-D-083,285
W08,S-D,W08-S-D-084,276
W08,S-D,W08-S-D-085,337
W08,S-D,W08-S-D-086,386
W08,S-D,W08-S-D-087,296
W08,S-D,W08-S-D-088,308
W08,S-D,W08-S-D-089,249
W08,S-D,W08-S-D-090,348
W08,S-D,W08-S-D-091,337
W08,S-D,W08-S-D-092,274
W08,S-D,W08-S-D-093,385
W08,S-D,W08-S-D-094,396
W08,S-D,W08-S-D-095,327
W08,S-D,W08-S-D-096,316
W08,S-D,W08-S-D-097,379
W08,S-D,W08-S-D-098,327
W08,S-D,W08-S-D-099,270
W08,S-D,W08-S-D-100,272
W08,S-D,W08-S-D-101,346
W08,S-D,W08-S-D-102,303
W08,S-D,W08-S-D-103,391
W08,S-D,W08-S-D-104,295
W08,S-D,W08-S-D-105,350
W08,S-D,W08-S-D-106,345
W08,S-D,W08-S-D-107,329
W08,S-D,W08-S-D-108,310
W08,S-D,W08-S-D-109,257
W08,S-D,W08-S-D-110,271
W08,S-D,W08-S-D-111,257
W08,S-D,W08-S-D-112,387
W08,S-D,W08-S-D-113,361
W08,S-D,W08-S-D-114,274
W08,S-D,W08-S-D-115,270
W08,S-D,W08-S-D-116,263
W08,S-D,W08-S-D-117,242
W08,S-D,W08-S-D-118,275
W08,S-D,W08-S-D-119,335
W08,S-D,W08-S-D-120,322
W08,S-D,W08-S-D-121,259
W08,S-D,W08-S-D-122,367
W08,S-D,W08-S-D-123,308
W08,S-D,W08-S-D-124,249
W08,S-D,W08-S-D-125,279
W08,S-D,W08-S-D-126,293
W08,S-D,W08-S-D-127,388
